{
	"Changes": [
		// Seasonal Cute Characters
		{
			"LogName": "Alex - Seasonal",
			"Action": "EditImage",
			"Target": "Portraits/Alex, Characters/Alex",
			"FromFile": "assets/{{Target}}/{{TargetWithoutPath}}_{{season}}{{IndoorVariant}}.png",
			"When":
			{
				"HasFile:{{FromFile}}": true,
			},
		},
		{
			"LogName": "Alex - Winter Indoor/Outdoor",
			"Action": "EditImage",
			"Target": "Portraits/Alex, Characters/Alex",
			"FromFile": "assets/{{Target}}/{{TargetWithoutPath}}_{{season}}{{IndoorVariant}}.png",
			"When":
			{
				"HasFile:{{FromFile}}": true,
                "Season": "Winter",
                "WinterIndoorOutdoorOutfits": "IndoorOutdoor",
			},
			"Update": "OnLocationChange",
		},
		/*{
			"LogName": "Alex - Festival",
			"Action": "EditImage",
			"Target": "Portraits/Alex, Characters/Alex",
            "FromFile": "assets/{{TargetPathOnly}}/Festivals/{{Festival}}/{{TargetWithoutPath}}_{{Festival}}.png",
			"When":
			{
				"HasFile:{{FromFile}}": true,
				"FestivalOutfits": "True",
			},
			"Update": "OnLocationChange",
		},*/
		{
			"LogName": "Alex - Beach",
			"Action": "EditImage",
			"Target": "Portraits/Alex_Beach, Characters/Alex_Beach",
			"FromFile": "assets/{{TargetPathOnly}}/Beach/{{TargetWithoutPath}}.png",
			"When":
			{
				"HasFile:{{FromFile}}": true,
			},
		},
		
		// NOSE OVERLAY
		{
			"LogName": "Alex - Seasonal Nose",
			"Action": "EditImage",
			"Target": "Characters/Alex",
            "FromFile": "assets/{{Target}}/{{TargetWithoutPath}}_nose.png",
            "PatchMode": "Overlay",
			"When":
			{
				"HasFile:{{FromFile}}": true,
				"NoNose": "false",
			},
		},
		{
			"LogName": "Alex - Beach Nose",
			"Action": "EditImage",
			"Target": "Characters/Alex_Beach",
            "FromFile": "assets/{{TargetPathOnly}}/Beach/{{TargetWithoutPath}}_nose.png",
            "PatchMode": "Overlay",
			"When":
			{
				"HasFile:{{FromFile}}": true,
				"NoNose": "false",
			},
		},
		
		// MISCELLANEOUS		
		{
			"LogName": "Alex - Emoji",
			"Action": "EditImage",
			"Target": "LooseSprites/emojis",
            "FromFile": "assets/{{NoNose}}/Random/emojis.png",
			"FromArea": {"X": 54, "Y": 99, "Width": 9, "Height": 9},
			"ToArea": {"X": 54, "Y": 99, "Width": 9, "Height": 9},
			"When": 
			{
				"HasFile:{{FromFile}}": true,
			},
		},
	]
}
