{
  "Format": "1.29.0",
	"ConfigSchema":
	{
		"Pierre sprite":
		{
			"AllowValues": "True, False",
			"Default": "True"
		},
		"Pierre beach sprite":
		{
			"AllowValues": "True, False",
			"Default": "True"
		},
	},
  "Changes": [
	   {
          "Action": "EditImage",
          "Target": "Characters/Pierre",
          "FromFile": "assets/Characters/Pierre.png",
		  "When": { 
				"Pierre sprite": "True" 
		  }
       },
       {
          "Action": "EditImage",
          "Target": "Characters/Pierre_Beach",
          "FromFile": "assets/Characters/Pierre_Beach.png",
		  	"When": { 
				"Pierre beach sprite": "True" 
		  }

       }
	]
}         		  