{
  "Format": "1.29.0",
	"ConfigSchema":
	{
		"Lewis sprite":
		{
			"AllowValues": "True, False",
			"Default": "True"
		},
		"Lewis beach sprite":
		{
			"AllowValues": "True, False",
			"Default": "True"
		},
	},
  "Changes": [
	   {
          "Action": "EditImage",
          "Target": "Characters/Lewis",
          "FromFile": "assets/Characters/Lewis.png",
		  "When": { 
				"Lewis sprite": "True" 
		  }
       },
       {
          "Action": "EditImage",
          "Target": "Characters/Lewis_Beach",
          "FromFile": "assets/Characters/Lewis_Beach.png",
		  	"When": { 
				"Lewis beach sprite": "True" 
		  }

       }
	]
}         		  